ID	begin	msa_original	l_effective	n_effective	repeat_region_length	divergence	pvalue
Q70CQ2	749	H,H,H,H,H,H,H,H,H,H,H,H	1	12.0	12	1e-10	0.0
Q8TAD8	387	E,E,E,E,E,E	1	6.0	6	1e-10	0.0
P48023	45	P,P,P,P,P,P,P,P,P	1	9.0	9	1e-10	0.0
P98077	9	APP,APP,APP	3	3.0	9	1e-10	0.0
Q6DKJ4	71	GA,GA,GA	2	3.0	6	1e-10	0.0
A0A5B7	4	L,L,L,L,L,L	1	6.0	6	1e-10	0.0
Q9BZK7	108	A,A,A,A,A,A,A,A,A,A,A	1	11.0	11	1e-10	0.0
O95271	137	S,S,S,S,S,S	1	6.0	6	1e-10	0.0
O95271	27	P,P,P,P,P,P,P,P	1	8.0	8	1e-10	0.0
O95271	9	H,H,H,H,H,H	1	6.0	6	1e-10	0.0
O43900	513	H,H,H,H,N,H,H,H,H,H	1	10.0	10	0.09197998055035403	0.0
A0A075B6S6	88	SG,SG,SG	2	3.0	6	1e-10	0.0
Q96T23	1286	E,E,E,E,E,E,E	1	7.0	7	1e-10	0.0
Q96T23	4	A,A,A,A,A,A	1	6.0	6	1e-10	0.0
P19838	391	G,G,G,G,G,G	1	6.0	6	1e-10	0.0
P05106	4	RP,RP,RP	2	3.0	6	1e-10	0.0
P17676	162	P,P,P,P,P,P,P,P,P	1	9.0	9	1e-10	0.0
P17676	102	PA,PA,PA,PA	2	4.0	8	1e-10	0.0
O60315	1161	E,E,E,E,E,E	1	6.0	6	1e-10	0.0
P06312	89	SG,SG,SG	2	3.0	6	1e-10	0.0
P30273	7	L,L,L,L,L,L	1	6.0	6	1e-10	0.0
O60264	7	P,P,P,P,P,P,P	1	7.0	7	1e-10	0.0
O75197	1482	S,S,S,S,S,S,S	1	7.0	7	1e-10	0.0
O75197	12	L,L,L,L,L,L,L,L,L	1	9.0	9	1e-10	0.0
P59044	580	QG,QG,QG	2	3.0	6	1e-10	0.0
P18065	20	L,L,L,L,L,L	1	6.0	6	1e-10	0.0
P50402	192	S,S,S,S,S,S,S,S	1	8.0	8	1e-10	0.0
O43318	8	S,S,S,S,S,S,S	1	7.0	7	1e-10	0.0
P08151	543	S,S,S,S,S,S	1	6.0	6	1e-10	0.0
P01601	85	SG,SG,SG	2	3.0	6	1e-10	0.0
P23246	10	G,G,G,G,G,G	1	6.0	6	1e-10	0.0
Q9H1B7	596	P,P,P,P,P,P,P	1	7.0	7	1e-10	0.0
Q9H1B7	103	Q,Q,Q,Q,Q,Q,Q,Q,Q,Q,Q,Q,Q,Q,Q,Q,Q,Q,Q,Q,Q,Q,Q,Q,Q	1	25.0	25	1e-10	0.0
Q9H1B7	153	A,A,A,A,A,A,A,A,A,A,A,A	1	12.0	12	1e-10	0.0
Q9H1B7	88	A,A,A,A,A,A,A,A,A,A,A,A,A,A,A	1	15.0	15	1e-10	0.0
P06310	88	SG,SG,SG	2	3.0	6	1e-10	0.0
P18858	153	E,E,E,E,E,E	1	6.0	6	1e-10	0.0
Q9UM73	931	G,G,G,G,G,G	1	6.0	6	1e-10	0.0
Q9UM73	922	G,G,G,G,G,G	1	6.0	6	1e-10	0.0
Q9UM73	816	G,G,G,G,G,G,G,G	1	8.0	8	1e-10	0.0
Q8N2W9	479	E,E,E,E,E,E,E,E,E	1	9.0	9	1e-10	0.0
Q12778	90	VAAA,VAAA,AAAA	4	3.0	12	0.07556152352238771	0.0
O60336	1041	E,E,E,E,E,E,E	1	7.0	7	1e-10	0.0
Q6ZSJ9	6	L,L,L,L,L,L,L	1	7.0	7	1e-10	0.0
Q15233	30	Q,Q,Q,Q,Q,Q	1	6.0	6	1e-10	0.0
P01599	85	SG,SG,SG	2	3.0	6	1e-10	0.0
Q8IY63	204	Q,Q,Q,Q,Q,Q,Q,Q	1	8.0	8	1e-10	0.0
Q8IY63	407	LP,LP,LP	2	3.0	6	1e-10	0.0
Q8IUX7	278	AP,AP,AP	2	3.0	6	1e-10	0.0
Q8IUX7	1106	EPEFETQL,EPEFETQL,EPEFE---	8	2.625	21	0.05615234383876953	0.0
Q8IUX7	122	EKPPKATKKPK,EKPPKATKKPK,EKPPKATKKPK,EKPPKAT----	11	3.6363636363636362	40	0.029296875094140626	0.0
P01602	85	SG,SG,SG	2	3.0	6	1e-10	0.0
Q8NEY4	317	EG,EG,EG	2	3.0	6	1e-10	0.0
P01624	83	SG,SG,SG	2	3.0	6	1e-10	0.0
Q9NYQ6	2804	DS,DS,DS	2	3.0	6	1e-10	0.0
Q9NYQ6	211	SP,SP,SP	2	3.0	6	1e-10	0.0
Q9NYQ6	160	PR,PR,PR	2	3.0	6	1e-10	0.0
Q13501	32	EA,EA,EA	2	3.0	6	1e-10	9.999999999998899e-05
Q9H2X6	1088	A,A,A,A,A,A,A	1	7.0	7	1e-10	0.0
Q9UBE8	71	A,A,A,A,A,A,A,A,A,A,A,A,A	1	13.0	13	1e-10	0.0
Q9UBE8	27	H,H,H,H,H,H,H,H	1	8.0	8	1e-10	0.0
Q13233	942	T,T,T,T,T,T,T,T	1	8.0	8	1e-10	0.0
O94827	768	E,E,E,E,E,E,E,E,E,E,E,E	1	12.0	12	1e-10	0.0
O94827	94	E,E,E,E,E,E	1	6.0	6	1e-10	0.0
Q6ZVD8	50	S,S,S,S,S,S,S,S,S,S,S	1	11.0	11	1e-10	0.0
Q6ZVD8	40	TTTA,TTT-,TTT-	3	3.0	10	0.09069824226936037	0.0
P29376	325	G,G,G,G,G,G	1	6.0	6	1e-10	0.0
P29376	206	G,G,G,G,G,G,G,G	1	8.0	8	1e-10	0.0
Q8N819	27	E,E,E,E,E,E,E	1	7.0	7	1e-10	0.0
Q93074	2090	Q,Q,Q,Q,Q,Q,Q,Q,Q,Q,Q,Q,Q,Q,Q,Q,Q,Q,Q,Q,Q,Q,Q,Q,Q,Q	1	26.0	26	1e-10	0.0
Q93074	2051	Q,Q,Q,Q,Q,Q,Q,Q,Q,Q,Q,Q,Q,Q,Q,Q,Q,Q,Q,Q,Q,Q,Q,Q,Q,Q	1	26.0	26	1e-10	0.0
Q93074	2127	PQ,PQ,PQ	2	3.0	6	1e-10	0.0
Q9Y4H2	1031	P,P,P,P,P,P	1	6.0	6	1e-10	0.0
Q9Y4H2	694	A,A,A,A,A,A,A,A	1	8.0	8	1e-10	0.0
Q9Y4H2	21	N,N,N,N,N,N,N,N	1	8.0	8	1e-10	0.0
Q9Y4H2	664	GS,GS,GS	2	3.0	6	1e-10	0.0
Q9NQ66	512	D,D,D,D,D,D,D,D	1	8.0	8	1e-10	0.0
Q8N490	355	GP,GP,GP	2	3.0	6	1e-10	0.0
O60907	161	A,A,A,A,A,A,A,A,T,A,A,A	1	12.0	12	0.08007812508398438	0.0
Q04727	405	A,A,A,A,A,A,A,A,A,A,A	1	11.0	11	1e-10	0.0
Q9ULT6	551	S,S,S,S,S,S,S	1	7.0	7	1e-10	0.0
Q9UKE5	729	S,S,S,S,S,S	1	6.0	6	1e-10	0.0
Q9UKE5	327	E,E,E,E,E,E	1	6.0	6	1e-10	0.0
O14641	686	P,P,P,P,P,P	1	6.0	6	1e-10	0.0
P08123	273	AGP,AGP,AGP	3	3.0	9	1e-10	0.0
P11362	127	D,D,D,D,D,D,D	1	7.0	7	1e-10	0.0
P24385	272	E,E,E,E,E,E,E,E,E	1	9.0	9	1e-10	0.0
Q9BZL6	236	S,S,S,S,S,S,S	1	7.0	7	1e-10	0.0
Q9NSC2	150	S,S,S,S,S,S,S,S,S,S	1	10.0	10	1e-10	0.0
Q9Y4E8	966	ND,ND,ND	2	3.0	6	1e-10	0.0
O75925	562	A,A,A,A,A,A	1	6.0	6	1e-10	0.0
Q6PKC3	21	G,G,G,G,G,G	1	6.0	6	1e-10	0.0
O60346	1684	Q,Q,Q,Q,Q,Q	1	6.0	6	1e-10	0.0
O60346	463	P,P,P,P,P,P,P	1	7.0	7	1e-10	0.0
O60346	138	S,S,S,S,S,S,S	1	7.0	7	1e-10	0.0
O60346	132	A,A,A,A,A,A	1	6.0	6	1e-10	0.0
O60346	25	A,A,A,A,A,A,A,A,A,A,A,A,A,A,A,A	1	16.0	16	1e-10	0.0
Q9BUJ2	774	P,P,P,P,P,P,P,P,P	1	9.0	9	1e-10	0.0
P25490	70	H,H,H,H,H,H,H,H,H,H,H	1	11.0	11	1e-10	0.0
Q13467	12	L,L,L,L,L,L	1	6.0	6	1e-10	0.0
P52952	208	P,P,P,P,P,P,P	1	7.0	7	1e-10	0.0
Q9GZU2	1363	A,A,A,A,A,A,A,A,A	1	9.0	9	1e-10	0.0
Q9GZU2	593	ER,EH,ER,ER,ER,ER	2	6.0	12	0.09869384773651124	0.0
Q9GZU2	1392	VEAAEPE,VEAAEPE,VEAAEPE,VEAAEP-	7	3.857142857142857	27	0.0399780274357544	0.0
O15550	11	A,A,A,A,A,A,A	1	7.0	7	1e-10	0.0
Q8WXI2	877	E,E,E,E,E,E,E,E,E,E	1	10.0	10	1e-10	0.0
Q16584	22	G,G,G,G,G,G,G,G,G	1	9.0	9	1e-10	0.0
O00358	164	A,A,A,A,A,A,A,A,A,A,A,A,A,A,A,A	1	16.0	16	1e-10	0.0
Q9BQL6	147	K,K,K,K,K,K	1	6.0	6	1e-10	0.0
Q8IX07	755	P,P,P,P,P,P	1	6.0	6	1e-10	0.0
Q8IX07	902	PA,PA,PA	2	3.0	6	1e-10	0.0
Q9BWT7	567	S,S,S,S,S,S	1	6.0	6	1e-10	0.0
Q9Y6Q9	1248	Q,Q,Q,Q,Q,Q,Q,Q,Q,Q,Q,Q,Q,Q,Q,Q,Q,Q,Q,Q,Q,Q,Q,Q,Q,Q,Q,Q,Q	1	29.0	29	1e-10	0.0
Q9BY67	341	T,T,T,T,T,T,T,T,T,T,T,T,T	1	13.0	13	1e-10	0.0
Q9BY67	13	A,A,A,A,A,A,A,A	1	8.0	8	1e-10	0.0
P51784	52	A,A,A,A,A,A,V,A,A,A,A,A	1	12.0	12	0.07696533211585693	0.0
P55085	383	S,S,S,Y,S,S,S,S	1	8.0	8	0.09869384773651124	0.0
P04432	85	SG,SG,SG	2	3.0	6	1e-10	0.0
Q86UE4	443	K,K,K,K,K,K,K,K,K	1	9.0	9	1e-10	0.0
P51654	26	P,P,P,P,P,P	1	6.0	6	1e-10	0.0
P15822	2081	RG,RG,RG	2	3.0	6	1e-10	0.0
P36402	73	GA,GA,GA	2	3.0	6	1e-10	0.0
Q8WUY9	502	KP,KP,KP	2	3.0	6	1e-10	0.0
O15530	389	S,S,S,S,S,S	1	6.0	6	1e-10	0.0
Q86TB3	1644	S,S,S,S,S,S	1	6.0	6	1e-10	0.0
Q9H461	211	G,G,G,G,G,G	1	6.0	6	1e-10	0.0
Q13563	97	E,E,E,E,E,E	1	6.0	6	1e-10	0.0
O15347	185	E,E,E,E,E,E,E,E,E,E,E,E,E,E	1	14.0	14	1e-10	0.0
Q6YI46	54	A,A,A,A,A,A,A,A	1	8.0	8	1e-10	0.0
Q9BZA8	900	K,K,K,K,K,K,K,K	1	8.0	8	1e-10	0.0
P42568	383	S,S,S,S,S,S,S,S,S	1	9.0	9	1e-10	0.0
P42568	149	S,S,S,S,S,S,S,S,S,S,S,S,S,S,S,S,S,S,S,S,S,S,S,S,S,S,S,S,S,S,S,S,S,S,S,S,S,S,S,S,S,S	1	42.0	42	1e-10	0.0
Q9UPN3	7313	GSRA,GSRA,GSRA	4	3.0	12	1e-10	0.0
Q9UPN3	10	SERSCR,SERSCR,SERSYR,SERS--	6	3.6666666666666665	22	0.0868530274263794	0.0
Q9UPQ9	1321	Q,Q,Q,Q,Q,Q,Q,Q	1	8.0	8	1e-10	0.0
Q9UPQ9	1287	Q,Q,Q,Q,Q,Q,Q	1	7.0	7	1e-10	0.0
Q9UPQ9	843	P,P,P,P,P,P	1	6.0	6	1e-10	0.0
A7MCY6	428	P,P,P,P,P,P,P	1	7.0	7	1e-10	0.0
A0A0C4DH73	85	SG,SG,SG	2	3.0	6	1e-10	0.0
Q96R06	7	LS,LS,LS	2	3.0	6	1e-10	9.999999999998899e-05
Q92499	163	FG,FG,FG	2	3.0	6	1e-10	0.0
Q71F56	1050	TPR,TPR,TPR,TPR	3	4.0	12	1e-10	0.0
A2NJV5	88	SG,SG,SG	2	3.0	6	1e-10	0.0
Q8N5F7	212	DS,DS,DS,DS	2	4.0	8	1e-10	0.0
Q8N5F7	73	RS,RS,RS,RS,R-	2	4.5	9	0.0999145508612671	9.999999999998899e-05
Q9BXP5	368	SE,SE,SE,SE,S-	2	4.5	9	0.0963134766432373	9.999999999998899e-05
P18146	68	G,G,G,G,G,G,G,G,G	1	9.0	9	1e-10	0.0
P18146	79	S,S,S,S,S,S	1	6.0	6	1e-10	0.0
P18146	62	S,S,S,S,S,S	1	6.0	6	1e-10	0.0
P18146	444	SPVATSYP,SPVTTSYP,SPATTSYP	8	3.0	24	0.08642578133271485	0.0
Q9NRM7	467	PA,PA,PA,PA,PA,PA,PA	2	7.0	14	1e-10	0.0
Q86X55	2	A,A,A,A,A,A	1	6.0	6	1e-10	0.0
A0A075B6N2	2	L,L,L,L,L,L,L	1	7.0	7	1e-10	0.0
Q06323	70	KE,KE,KE	2	3.0	6	1e-10	0.0
Q07021	67	CG,CG,CG	2	3.0	6	1e-10	0.0
P02675	18	L,L,L,L,L,L	1	6.0	6	1e-10	0.0
O00571	609	S,S,S,S,F,S,S,S	1	8.0	8	0.09667968758066406	0.0
Q92793	2199	Q,Q,Q,Q,Q,Q,Q,Q,Q,Q,Q,Q,Q,Q,Q,Q,Q,Q	1	18.0	18	1e-10	0.0
Q92793	898	TP,TP,TP	2	3.0	6	1e-10	0.0
O14545	577	E,E,E,E,E,E	1	6.0	6	1e-10	0.0
Q8N5C8	177	P,P,P,P,P,P	1	6.0	6	1e-10	0.0
C9JLR9	561	P,P,P,P,P,P,P,P,P,P,P,P	1	12.0	12	1e-10	0.0
C9JLR9	188	E,E,E,E,E,E,E,E,E,E,E,E,E	1	13.0	13	1e-10	0.0
Q96JP5	208	E,E,E,E,E,E,E,E,E	1	9.0	9	1e-10	0.0
Q96JP5	59	A,A,A,A,A,A,A,A,A	1	9.0	9	1e-10	0.0
Q9Y6F9	11	L,L,L,L,L,L,L	1	7.0	7	1e-10	0.0
Q9HCS4	5	G,G,G,G,G,G,G,G,G,G	1	10.0	10	1e-10	0.0
Q969F2	439	H,H,H,H,H,H,H,H,H	1	9.0	9	1e-10	0.0
P04433	83	SG,SG,SG	2	3.0	6	1e-10	0.0
Q15139	17	A,A,A,A,A,A,A,A,A,A	1	10.0	10	1e-10	0.0
Q14526	160	G,G,G,G,G,G,G,G	1	8.0	8	1e-10	0.0
Q14526	112	A,A,A,A,A,A	1	6.0	6	1e-10	0.0
Q7LFL8	107	A,A,A,A,A,A	1	6.0	6	1e-10	0.0
Q96EB6	78	EA,EA,EA	2	3.0	6	1e-10	9.999999999998899e-05
P23443	2	R,R,R,R,R,R	1	6.0	6	1e-10	0.0
Q14696	19	L,L,L,L,L,L,L,L	1	8.0	8	1e-10	0.0
Q96AC1	149	K,K,K,K,K,K	1	6.0	6	1e-10	0.0
Q8N4C8	480	Q,Q,Q,Q,Q,Q,Q,Q	1	8.0	8	1e-10	0.0
Q8N4C8	371	Q,Q,Q,Q,L,Q,Q,Q,Q,Q	1	10.0	10	0.08459472664558107	0.0
Q9UQF2	140	QGQS,QGQS,QG--	4	2.5	10	0.09527587898719483	0.0
P04637	84	AP,AP,AP	2	3.0	6	1e-10	0.0
O15516	755	Q,Q,Q,Q,Q,Q	1	6.0	6	1e-10	0.0
P05067	274	T,T,T,T,T,T,T	1	7.0	7	1e-10	0.0
O43432	97	PG,PG,PG	2	3.0	6	1e-10	0.0
Q9H7D7	7	G,G,G,G,G,G,G,G,G,G,G,G,G,G,G,G,G,G,G	1	19.0	19	1e-10	0.0
Q7Z3G6	504	E,E,E,E,E,E,E	1	7.0	7	1e-10	0.0
Q7Z3G6	686	RSR,RSR,RSR	3	3.0	9	1e-10	0.0
P01593	85	SG,SG,SG	2	3.0	6	1e-10	0.0
A0A075B6P5	88	SG,SG,SG	2	3.0	6	1e-10	0.0
Q06945	386	S,S,S,S,S,S,S,G,S,S,S,S	1	12.0	12	0.06164550790017091	0.0
Q06945	229	A,A,A,A,A,A,A	1	7.0	7	1e-10	0.0
Q06945	222	G,G,G,G,G,G	1	6.0	6	1e-10	0.0
Q06945	178	G,G,G,G,G,G	1	6.0	6	1e-10	0.0
Q96MT3	764	S,S,S,S,S,S,S	1	7.0	7	1e-10	0.0
Q93009	4	Q,Q,Q,Q,Q,Q,Q	1	7.0	7	1e-10	0.0
Q9UQB3	811	K,K,K,K,K,K,K	1	7.0	7	1e-10	0.0
Q9UQB3	246	A,A,A,A,A,A	1	6.0	6	1e-10	0.0
Q9UQB3	220	P,P,P,P,P,P,P	1	7.0	7	1e-10	0.0
Q8N7H5	377	E,E,E,E,E,E,E	1	7.0	7	1e-10	0.0
P51617	489	LG,LG,LG	2	3.0	6	1e-10	9.999999999998899e-05
Q9HCK8	2081	S,S,S,S,S,S,S,S,S,S,S,S,S,S	1	14.0	14	1e-10	0.0
Q9HCK8	470	AR,AR,AR	2	3.0	6	1e-10	0.0
P42338	311	LP,LP,LP	2	3.0	6	1e-10	0.0
Q9Y6R0	427	Q,Q,Q,Q,Q,Q,Q,Q,Q,Q,Q,Q,Q,Q,Q,Q,Q,Q,Q,Q	1	20.0	20	1e-10	0.0
Q9GZV5	228	Q,Q,Q,Q,Q,Q	1	6.0	6	1e-10	0.0
O43474	131	S,S,S,S,S,P,S,S,S	1	9.0	9	0.08404541023944093	0.0
Q9UL54	968	L,L,L,L,L,L,L	1	7.0	7	1e-10	0.0
Q9UL54	900	E,E,E,E,E,E,E,E	1	8.0	8	1e-10	0.0
Q9UL54	378	E,E,E,E,E,E,E,E,E,E,E,E,E,E,E	1	15.0	15	1e-10	0.0
Q14934	297	P,P,P,P,P,P	1	6.0	6	1e-10	0.0
Q9H2H0	116	S,S,S,S,S,S,S,S	1	8.0	8	1e-10	0.0
Q04323	108	ERE--,ERE--,EREAL,ERE--	3	4.0	14	0.09820556648660889	0.0
P01614	89	SG,SG,SG	2	3.0	6	1e-10	0.0
O00193	119	D,D,D,D,D,D,D,D	1	8.0	8	1e-10	0.0
Q6PKG0	338	RG,RG,RG,RG,RG,RG,RG,RG	2	8.0	16	1e-10	0.0
Q6PKG0	781	RTP,RTP,RTP	3	3.0	9	1e-10	0.0
P01619	84	SG,SG,SG	2	3.0	6	1e-10	0.0
Q9BY79	111	T,T,T,T,T,T	1	6.0	6	1e-10	0.0
Q9BY79	76	L,L,L,L,L,L	1	6.0	6	1e-10	0.0
P01615	88	SG,SG,SG	2	3.0	6	1e-10	0.0
Q9BT81	184	G,G,G,G,G,G	1	6.0	6	1e-10	0.0
Q07954	4428	L,L,L,L,L,L,L	1	7.0	7	1e-10	0.0
Q9Y330	197	ED,ED,ED,ED	2	4.0	8	1e-10	0.0
Q9HBU1	47	A,A,A,A,A,A,A	1	7.0	7	1e-10	0.0
Q9UBP4	338	A,A,A,A,A,A	1	6.0	6	1e-10	0.0
Q9UBP4	20	AP,AP,AP	2	3.0	6	1e-10	0.0
Q9H334	71	Q,Q,Q,Q,Q,Q,Q	1	7.0	7	1e-10	0.0
Q9H334	55	Q,Q,Q,Q,Q,Q	1	6.0	6	1e-10	0.0
Q9H334	153	QL,QL,QL	2	3.0	6	1e-10	0.0
Q9NZ56	877	P,P,P,P,P,P	1	6.0	6	1e-10	0.0
Q9NZ56	51	G,G,G,G,G,G,G,G,G	1	9.0	9	1e-10	0.0
O95996	1378	PA,PA,PA	2	3.0	6	1e-10	0.0
O95996	841	AK,AK,AK	2	3.0	6	1e-10	0.0
O94992	324	EL,EL,EL	2	3.0	6	1e-10	9.999999999998899e-05
Q92541	162	S,S,S,S,S,S	1	6.0	6	1e-10	0.0
Q92541	10	A,A,A,A,A,A,A	1	7.0	7	1e-10	0.0
O14788	53	LG,LG,LG	2	3.0	6	1e-10	9.999999999998899e-05
Q9H0F6	228	AAS,AAS,AAS	3	3.0	9	1e-10	0.0
Q04726	401	A,A,A,A,A,A,A,A,A	1	9.0	9	1e-10	0.0
P05423	94	GR,GR,GR	2	3.0	6	1e-10	0.0
P31629	1792	RG,RG,RG	2	3.0	6	1e-10	0.0
Q6PD62	1036	NS,NS,NS	2	3.0	6	1e-10	0.0
Q9NRY4	1228	KP,KP,KP	2	3.0	6	1e-10	0.0
P46531	2410	P,P,P,P,P,P	1	6.0	6	1e-10	0.0
Q5VWQ8	920	P,P,P,P,P,P,P,P,P,P	1	10.0	10	1e-10	0.0
Q5VWQ8	112	A,A,A,A,A,A	1	6.0	6	1e-10	0.0
P01597	85	SG,SG,SG	2	3.0	6	1e-10	0.0
Q9NRA0	423	LP,LP,LP	2	3.0	6	1e-10	0.0
P55196	1735	E,E,E,E,E,E	1	6.0	6	1e-10	0.0
P55196	1365	P,P,P,P,P,P,P,P	1	8.0	8	1e-10	0.0
P48634	1413	G,G,G,G,G,G	1	6.0	6	1e-10	0.0
P48634	1355	G,G,G,G,G,G	1	6.0	6	1e-10	0.0
P48634	1024	RG,RG,RG	2	3.0	6	1e-10	0.0
Q8N114	14	L,L,L,L,L,L,L	1	7.0	7	1e-10	0.0
O60885	738	H,H,H,H,H,H	1	6.0	6	1e-10	0.0
O60885	178	GR,GR,GR	2	3.0	6	1e-10	0.0
Q04724	403	A,A,A,A,A,A,A	1	7.0	7	1e-10	0.0
P16298	11	P,P,P,P,P,P,P,P,P,P,P	1	11.0	11	1e-10	0.0
Q8NCW0	379	L,L,L,L,L,L	1	6.0	6	1e-10	0.0
Q96B18	258	R,R,R,R,R,R	1	6.0	6	1e-10	0.0
Q96B18	589	GA,GA,GA	2	3.0	6	1e-10	0.0
O95365	175	A,A,A,A,A,A,A	1	7.0	7	1e-10	0.0
O95365	201	AVAA,AV-A,AVAA	4	2.75	11	0.0798339844590332	0.0
Q9NX09	9	S,S,S,S,T,S,S,S	1	8.0	8	0.0903320313319336	0.0
P25054	2763	S,S,S,S,S,S	1	6.0	6	1e-10	0.0
Q9Y625	493	SG,SG,SG,SG	2	4.0	8	1e-10	0.0
Q9NPC8	255	VP,VP,VP	2	3.0	6	1e-10	0.0
Q9NPC8	192	NS,NS,NS	2	3.0	6	1e-10	0.0
Q13387	95	E,E,E,E,E,E,E,E,E	1	9.0	9	1e-10	0.0
Q96HA7	739	S,S,S,S,S,S	1	6.0	6	1e-10	0.0
Q96HA7	12	KA,KA,KA	2	3.0	6	1e-10	0.0
Q8IUC6	360	P,P,P,P,P,P,P,P	1	8.0	8	1e-10	0.0
Q9H6I2	316	QH,QH,QH,QH,QH	2	5.0	10	1e-10	0.0
Q14686	1024	Q,Q,Q,Q,Q,Q,Q,Q,Q	1	9.0	9	1e-10	0.0
Q14686	261	Q,Q,Q,Q,Q,Q,Q,Q,Q,Q,Q,Q,Q,Q,Q,Q,Q,Q,Q,Q,Q,Q,Q,Q,Q	1	25.0	25	1e-10	0.0
Q5T1R4	1860	DE,DE,DE,DE	2	4.0	8	1e-10	0.0
Q5T1R4	1747	RG,RG,RG	2	3.0	6	1e-10	0.0
P0CG47	1	MQIFVKTLTGKTITLEVEPSDTIENVKAKIQDKEGIPPDQQRLIFAGKQLEDGRTLSDYNIQKESTLHLVLRLRGG,MQIFVKTLTGKTITLEVEPSDTIENVKAKIQDKEGIPPDQQRLIFAGKQLEDGRTLSDYNIQKESTLHLVLRLRGG,MQIFVKTLTGKTITLEVEPSDTIENVKAKIQDKEGIPPDQQRLIFAGKQLEDGRTLSDYNIQKESTLHLVLRLRGG	76	3.0	228	1e-10	0.0
Q5JTC6	391	E,E,E,E,E,E	1	6.0	6	1e-10	0.0
Q5JTC6	380	E,E,E,E,E,E,E,E	1	8.0	8	1e-10	0.0
P05129	691	PV,PV,PV	2	3.0	6	1e-10	0.0
Q13127	723	VVQKEPVQMELSPPME,VVQKEPVQIELSPPME,VVQKEPVKIELSPPIE,VVQKEPVQMELSPPMG,VVQKEP----------	16	4.375	70	0.08758544930123291	0.0
Q96C19	33	A,A,A,A,A,A	1	6.0	6	1e-10	0.0
P0CG48	1	MQIFVKTLTGKTITLEVEPSDTIENVKAKIQDKEGIPPDQQRLIFAGKQLEDGRTLSDYNIQKESTLHLVLRLRGG,MQIFVKTLTGKTITLEVEPSDTIENVKAKIQDKEGIPPDQQRLIFAGKQLEDGRTLSDYNIQKESTLHLVLRLRGG,MQIFVKTLTGKTITLEVEPSDTIENVKAKIQDKEGIPPDQQRLIFAGKQLEDGRTLSDYNIQKESTLHLVLRLRGG,MQIFVKTLTGKTITLEVEPSDTIENVKAKIQDKEGIPPDQQRLIFAGKQLEDGRTLSDYNIQKESTLHLVLRLRGG,MQIFVKTLTGKTITLEVEPSDTIENVKAKIQDKEGIPPDQQRLIFAGKQLEDGRTLSDYNIQKESTLHLVLRLRGG,MQIFVKTLTGKTITLEVEPSDTIENVKAKIQDKEGIPPDQQRLIFAGKQLEDGRTLSDYNIQKESTLHLVLRLRGG,MQIFVKTLTGKTITLEVEPSDTIENVKAKIQDKEGIPPDQQRLIFAGKQLEDGRTLSDYNIQKESTLHLVLRLRGG,MQIFVKTLTGKTITLEVEPSDTIENVKAKIQDKEGIPPDQQRLIFAGKQLEDGRTLSDYNIQKESTLHLVLRLRGG,MQIFVKTLTGKTITLEVEPSDTIENVKAKIQDKEGIPPDQQRLIFAGKQLEDGRTLSDYNIQKESTLHLVLRLRGG	76	9.0	684	1e-10	0.0
P57775	7	E,E,E,E,E,E,E	1	7.0	7	1e-10	0.0
P42345	785	DP,DP,DP	2	3.0	6	1e-10	0.0
O43541	28	G,G,G,G,G,G	1	6.0	6	1e-10	0.0
P04430	85	SG,SG,SG	2	3.0	6	1e-10	0.0
Q9UGP4	58	Q,Q,Q,Q,Q,Q	1	6.0	6	1e-10	0.0
Q9Y2T1	469	H,H,H,H,H,H	1	6.0	6	1e-10	0.0
Q9UJU2	6	G,G,G,G,G,G,G,G	1	8.0	8	1e-10	0.0
A0A0C4DH25	84	SG,SG,SG	2	3.0	6	1e-10	0.0
O75581	1469	S,S,S,S,S,S,S	1	7.0	7	1e-10	0.0
P15056	122	S,S,S,S,S,S	1	6.0	6	1e-10	0.0
P15056	6	G,G,G,G,G,G	1	6.0	6	1e-10	0.0
Q7Z5R6	599	P,P,P,P,P,P,P,P	1	8.0	8	1e-10	0.0
Q7Z5R6	555	P,P,P,P,P,P,P,P	1	8.0	8	1e-10	0.0
Q1ED39	65	K,K,K,K,K,K,K,K	1	8.0	8	1e-10	0.0
Q1ED39	15	K,K,K,K,K,K	1	6.0	6	1e-10	0.0
O60610	608	P,P,P,P,P,P,P,P,P,P,P,P,P	1	13.0	13	1e-10	0.0
Q96CG8	16	L,L,L,L,L,L,L	1	7.0	7	1e-10	0.0
Q9BRK4	312	P,P,P,P,P,P,P,P	1	8.0	8	1e-10	0.0
Q9BRK4	188	S,S,S,S,S,S,S,S,S,S	1	10.0	10	1e-10	0.0
Q96BH1	178	QE,QE,QE	2	3.0	6	1e-10	0.0
O75398	89	A,A,A,A,A,A	1	6.0	6	1e-10	0.0
Q86T24	328	E,E,E,E,E,E	1	6.0	6	1e-10	0.0
Q86T24	189	D,D,D,D,D,D	1	6.0	6	1e-10	0.0
Q9H7S9	506	A,A,A,A,A,A,A,A,A	1	9.0	9	1e-10	0.0
Q9H7S9	212	S,S,S,S,S,S	1	6.0	6	1e-10	0.0
Q9H7S9	16	SG,SG,SG	2	3.0	6	1e-10	0.0
Q15628	192	P,P,P,P,P,P,P	1	7.0	7	1e-10	0.0
Q86T65	553	P,P,P,P,P,P,P	1	7.0	7	1e-10	0.0
Q86T65	541	P,P,P,P,P,P	1	6.0	6	1e-10	0.0
Q2MKA7	245	Q,Q,Q,Q,Q,Q,Q	1	7.0	7	1e-10	0.0
P85037	27	A,A,A,A,A,A,A	1	7.0	7	1e-10	0.0
P85037	690	AS,AS,AS	2	3.0	6	1e-10	0.0
P28482	2	A,A,A,A,A,A	1	6.0	6	1e-10	0.0
Q9NYB0	297	E,E,E,E,E,E,E,E	1	8.0	8	1e-10	0.0
Q9HCU4	2743	E,E,E,E,E,E,E,E,E,E	1	10.0	10	1e-10	0.0
Q9HCU4	17	L,L,L,L,L,L,L,L,L	1	9.0	9	1e-10	0.0
Q14678	1033	E,E,E,E,E,E,E	1	7.0	7	1e-10	0.0
Q7RTR2	620	LS,LS,LS	2	3.0	6	1e-10	9.999999999998899e-05
Q02297	168	ST,ST,ST	2	3.0	6	1e-10	0.0
Q02297	9	GK,GK,GK	2	3.0	6	1e-10	0.0
Q8N7J2	130	G,G,G,G,G,G	1	6.0	6	1e-10	0.0
Q9UBB5	75	GRGRGR,GRGRGR,GRGRGR	6	3.0	18	1e-10	0.0
P08571	7	L,L,L,L,L,L	1	6.0	6	1e-10	0.0
P16401	191	AKPKA,VKPKA,AKPKA,AKPKA,AKPKA,AK---	5	5.4	27	0.08093261727131347	0.0
P01594	85	SG,SG,SG	2	3.0	6	1e-10	0.0
P01611	85	SG,SG,SG	2	3.0	6	1e-10	0.0
Q9HCJ0	1215	P,P,P,P,P,P,P,P	1	8.0	8	1e-10	0.0
Q9HCJ0	760	T,T,T,T,T,T,T,T,T	1	9.0	9	1e-10	0.0
P49841	412	AS,AS,AS	2	3.0	6	1e-10	0.0
Q93097	44	L,L,L,L,L,L,L	1	7.0	7	1e-10	0.0
Q3V6T2	124	L,L,L,L,L,L	1	6.0	6	1e-10	0.0
O15318	175	D,D,D,D,D,D,D	1	7.0	7	1e-10	0.0
O15371	533	E,E,E,E,E,E,E,E,E,E,E,E,E,E,E	1	15.0	15	1e-10	0.0
P51532	663	E,E,E,E,E,E,E,E,E,E	1	10.0	10	1e-10	0.0
P51532	580	K,K,K,K,K,K,K,K,K	1	9.0	9	1e-10	0.0
P51532	229	GP,GP,GP,GP,GP,GP,GP,GP	2	8.0	16	1e-10	0.0
Q96P20	690	E,E,E,E,E,E	1	6.0	6	1e-10	0.0
O95071	1762	A,A,A,A,A,A,A	1	7.0	7	1e-10	0.0
O95071	2358	RD,RD,RD	2	3.0	6	1e-10	0.0
O95071	2338	RE,RE,RE,RE	2	4.0	8	1e-10	0.0
Q92570	95	H,H,H,H,H,H,H,H,H,H,H,H,H,H	1	14.0	14	1e-10	0.0
Q96S59	11	Q,Q,Q,Q,Q,Q,Q,Q	1	8.0	8	1e-10	0.0
Q96S59	82	P,P,P,P,P,P,P,P,P,P,P	1	11.0	11	1e-10	0.0
Q96S59	71	P,P,P,P,P,P,P	1	7.0	7	1e-10	0.0
Q96S59	5	P,P,P,P,P,P	1	6.0	6	1e-10	0.0
Q09472	2190	Q,Q,Q,Q,Q,Q	1	6.0	6	1e-10	0.0
P15941	960	SASG,SASG,SAS-	4	2.75	11	0.07849121102180176	0.0
P15941	98	VTSVPVTRPALGSTTPPAHD,VTSAPDNKPAPGSTAPPAHG,VTSAPDTRPAPGSTAPPAHG,VTSAPDTRPAPGSTAPPAHG,VTSAPDTRPAPGSTAPPAHG,VTSAPDTRPAPGSTAPPAHG,VTSAPDTRPAPGSTAPPAHG,VTSAPDTRPAPGSTAPPAHG,VTSAPDTRPAPGSTAPPAHG,VTSAPDTRPAPGSTAPPAHG,VTSAPDTRPAPGSTAPPAHG,VTSAPDTRPAPGSTAPPAHG,VTSAPDTRPAPGSTAPPAHG,VTSAPDTRPAPGSTAPPAHG,VTSAPDTRPAPGSTAPPAHG,VTSAPDTRPAPGSTAPPAHG,VTSAPDTRPAPGSTAPPAHG,VTSAPDTRPAPGSTAPPAHG,VTSAPDTRPAPGSTAPPAHG,VTSAPDTRPAPGSTAPPAHG,VTSAPDTRPAPGSTAPPAHG,VTSAPDTRPAPGSTAPPAHG,VTSAPDTRPAPGSTAPPAHG,VTSAPDTRPAPGSTAPPAHG,VTSAPDTRPAPGSTAPPAHG,VTSAPDTRPAPGSTAPPAHG,VTSAPDTRPAPGSTAPPAHG,VTSAPDTRPAPGSTAPPAHG,VTSAPDTRPAPGSTAPPAHG,VTSAPDTRPAPGSTAPPAHG,VTSAPDTRPAPGSTAPPAHG,VTSAPDTRPAPGSTAPPAHG,VTSAPDTRPAPGSTAPPAHG,VTSAPDTRPAPGSTAPPAHG,VTSAPDTRPAPGSTAPPAHG,VTSAPDTRPAPGSTAPPAHG,VTSAPDTRPAPGSTAPPAHG,VTSAPDTRPAPGSTAPPAHG,VTSAPDTRPAPGSTAPPAHG,VTSAPDTRPAPGSTAPPAHG,VTSAPDTRPAPGSTAPPAHG,VTSAPDTRPAPGSTAPPAHG,VTSAPDNRPALGSTAPPVHN,VTSA----------------	20	43.2	864	0.015258789159448245	0.0
Q9NYQ7	480	A,A,A,A,A,A	1	6.0	6	1e-10	0.0
Q9NYQ7	19	L,L,L,L,L,L	1	6.0	6	1e-10	0.0
Q9NYQ7	1337	GA,GA,GA	2	3.0	6	1e-10	0.0
P02452	1178	GPP,GPP,GPP,GPP,GPP	3	5.0	15	1e-10	0.0
P06400	23	P,P,P,P,P,P,P	1	7.0	7	1e-10	0.0
P06400	13	A,A,A,A,A,A	1	6.0	6	1e-10	0.0
O43283	123	SG,SG,SG	2	3.0	6	1e-10	0.0
O15234	643	P,P,P,P,P,P	1	6.0	6	1e-10	0.0
Q86UU0	1125	P,P,P,P,P,P	1	6.0	6	1e-10	0.0
Q86UU0	1243	G,G,G,G,G,G	1	6.0	6	1e-10	0.0
Q86UU0	223	G,G,G,G,G,G,G,G	1	8.0	8	1e-10	0.0
Q01167	2	A,A,A,A,A,A	1	6.0	6	1e-10	0.0
Q01167	608	AS,AS,AS	2	3.0	6	1e-10	0.0
P49840	26	G,G,G,G,G,G,G,G,G,G	1	10.0	10	1e-10	0.0
Q92841	718	P,P,P,P,P,P,P,P,P	1	9.0	9	1e-10	0.0
Q92841	556	G,G,G,G,G,G,G,G	1	8.0	8	1e-10	0.0
Q92841	87	DR,DR,DR,DR	2	4.0	8	1e-10	0.0
Q76N89	912	G,G,G,G,G,G,G	1	7.0	7	1e-10	0.0
Q8WUQ7	531	GE,GE,GE,GE	2	4.0	8	1e-10	0.0
Q8WUQ7	6	RS,RS,RS	2	3.0	6	1e-10	0.0
